-- MySQL dump 10.13  Distrib 5.1.73, for redhat-linux-gnu (x86_64)
--
-- Host: localhost    Database: multichannel
-- ------------------------------------------------------
-- Server version	5.1.73

/*!40101 SET @OLD_CHARACTER_SET_CLIENT=@@CHARACTER_SET_CLIENT */;
/*!40101 SET @OLD_CHARACTER_SET_RESULTS=@@CHARACTER_SET_RESULTS */;
/*!40101 SET @OLD_COLLATION_CONNECTION=@@COLLATION_CONNECTION */;
/*!40101 SET NAMES utf8 */;
/*!40103 SET @OLD_TIME_ZONE=@@TIME_ZONE */;
/*!40103 SET TIME_ZONE='+00:00' */;
/*!40014 SET @OLD_UNIQUE_CHECKS=@@UNIQUE_CHECKS, UNIQUE_CHECKS=0 */;
/*!40014 SET @OLD_FOREIGN_KEY_CHECKS=@@FOREIGN_KEY_CHECKS, FOREIGN_KEY_CHECKS=0 */;
/*!40101 SET @OLD_SQL_MODE=@@SQL_MODE, SQL_MODE='NO_AUTO_VALUE_ON_ZERO' */;
/*!40111 SET @OLD_SQL_NOTES=@@SQL_NOTES, SQL_NOTES=0 */;

--
-- Table structure for table `api_logs`
--

DROP TABLE IF EXISTS `api_logs`;
/*!40101 SET @saved_cs_client     = @@character_set_client */;
/*!40101 SET character_set_client = utf8 */;
CREATE TABLE `api_logs` (
  `ApiLogId` int(11) unsigned NOT NULL AUTO_INCREMENT,
  `BrandId` int(11) unsigned DEFAULT NULL,
  `CampaignId` int(11) unsigned DEFAULT NULL,
  `ChannelId` int(11) unsigned DEFAULT NULL,
  `ServerIP` varchar(255) COLLATE utf8_unicode_ci NOT NULL,
  `IPCalled` varchar(255) COLLATE utf8_unicode_ci NOT NULL,
  `Notes` varchar(255) COLLATE utf8_unicode_ci NOT NULL,
  PRIMARY KEY (`ApiLogId`)
) ENGINE=MyISAM DEFAULT CHARSET=utf8 COLLATE=utf8_unicode_ci;
/*!40101 SET character_set_client = @saved_cs_client */;

--
-- Dumping data for table `api_logs`
--

LOCK TABLES `api_logs` WRITE;
/*!40000 ALTER TABLE `api_logs` DISABLE KEYS */;
/*!40000 ALTER TABLE `api_logs` ENABLE KEYS */;
UNLOCK TABLES;

--
-- Table structure for table `brands`
--

DROP TABLE IF EXISTS `brands`;
/*!40101 SET @saved_cs_client     = @@character_set_client */;
/*!40101 SET character_set_client = utf8 */;
CREATE TABLE `brands` (
  `BrandId` int(11) unsigned NOT NULL AUTO_INCREMENT,
  `ClientId` int(11) unsigned NOT NULL,
  `BrandName` varchar(100) COLLATE utf8_unicode_ci NOT NULL,
  `Description` varchar(100) COLLATE utf8_unicode_ci NOT NULL,
  `DurationFrom` datetime NOT NULL,
  `DurationTo` datetime NOT NULL,
  `Status` enum('ACTIVE','PENDING','INACTIVE') COLLATE utf8_unicode_ci DEFAULT 'ACTIVE',
  `DateCreated` datetime DEFAULT NULL,
  `CreatedBy` int(11) DEFAULT NULL,
  `DateUpdated` timestamp NULL DEFAULT CURRENT_TIMESTAMP ON UPDATE CURRENT_TIMESTAMP,
  `UpdatedBy` int(11) DEFAULT NULL,
  PRIMARY KEY (`BrandId`),
  KEY `BrandName_idx` (`BrandName`)
) ENGINE=MyISAM AUTO_INCREMENT=8 DEFAULT CHARSET=utf8 COLLATE=utf8_unicode_ci;
/*!40101 SET character_set_client = @saved_cs_client */;

--
-- Dumping data for table `brands`
--

LOCK TABLES `brands` WRITE;
/*!40000 ALTER TABLE `brands` DISABLE KEYS */;
INSERT INTO `brands` VALUES (1,18,'Kit Kat','Kit Kat Brand','2015-08-02 00:00:00','2019-07-31 00:00:00','ACTIVE','2015-08-15 20:51:01',50,'2015-08-09 08:02:27',1),(2,18,'Maggi','Maggi Brand','2015-03-08 00:00:00','2016-10-31 00:00:00','ACTIVE','2015-08-03 15:17:21',50,'2015-08-03 07:17:21',50),(3,18,'Nescafe','Nescafe Brand','2015-01-30 00:00:00','2016-08-30 00:00:00','ACTIVE','2015-08-03 15:17:58',50,'2015-08-03 07:17:58',50),(4,1,'TestBrand','test','2015-08-09 00:00:00','2015-08-31 00:00:00','ACTIVE','2015-08-13 16:19:24',1,'2015-08-13 08:19:24',1),(5,20,'Abbott','Abbott','2015-08-01 00:00:00','2015-12-31 00:00:00','ACTIVE','2015-08-15 20:52:20',1,'2015-08-15 12:52:20',1),(6,22,'test brand','test brand desc','2015-08-29 00:00:00','2015-12-31 00:00:00','ACTIVE','2015-08-17 22:55:25',52,'2015-08-17 14:55:25',52),(7,22,'My Brand Here','desc here','2015-08-14 00:00:00','2015-11-25 00:00:00','ACTIVE','2015-08-17 23:13:35',52,'2015-08-17 15:13:35',52);
/*!40000 ALTER TABLE `brands` ENABLE KEYS */;
UNLOCK TABLES;

--
-- Table structure for table `campaigns`
--

DROP TABLE IF EXISTS `campaigns`;
/*!40101 SET @saved_cs_client     = @@character_set_client */;
/*!40101 SET character_set_client = utf8 */;
CREATE TABLE `campaigns` (
  `CampaignId` int(11) unsigned NOT NULL AUTO_INCREMENT,
  `ClientId` int(11) unsigned NOT NULL,
  `BrandId` int(11) unsigned NOT NULL DEFAULT '0',
  `CampaignName` varchar(100) COLLATE utf8_unicode_ci NOT NULL,
  `Description` varchar(100) COLLATE utf8_unicode_ci NOT NULL,
  `DurationFrom` datetime DEFAULT NULL,
  `DurationTo` datetime DEFAULT NULL,
  `Type` varchar(50) COLLATE utf8_unicode_ci NOT NULL,
  `Status` enum('ACTIVE','PENDING','INACTIVE') COLLATE utf8_unicode_ci DEFAULT 'ACTIVE',
  `DateCreated` datetime DEFAULT NULL,
  `CreatedBy` int(11) DEFAULT NULL,
  `DateUpdated` timestamp NULL DEFAULT CURRENT_TIMESTAMP ON UPDATE CURRENT_TIMESTAMP,
  `UpdatedBy` int(11) DEFAULT NULL,
  PRIMARY KEY (`CampaignId`),
  KEY `CampaignId_idx` (`CampaignId`)
) ENGINE=MyISAM AUTO_INCREMENT=8 DEFAULT CHARSET=utf8 COLLATE=utf8_unicode_ci;
/*!40101 SET character_set_client = @saved_cs_client */;

--
-- Dumping data for table `campaigns`
--

LOCK TABLES `campaigns` WRITE;
/*!40000 ALTER TABLE `campaigns` DISABLE KEYS */;
INSERT INTO `campaigns` VALUES (1,18,3,'Nescafe Points Kapihan','NPK 2015 campaign','2014-10-30 00:00:00','2016-06-30 00:00:00','NPK','ACTIVE','2015-08-03 15:18:53',50,'2015-08-15 12:52:46',1),(2,18,1,'Agents of the Break','Kit Kat 2015 Campaign','2014-08-20 00:00:00','2016-07-30 00:00:00','Website Campaign','ACTIVE','2015-08-03 15:19:55',50,'2015-08-09 08:07:45',50),(3,18,2,'Flavor World','Maggi POS and mobile device campaign','2015-08-24 00:00:00','2016-01-29 00:00:00','Mobile Application','ACTIVE','2015-08-03 15:20:41',50,'2015-08-10 07:18:00',1),(4,20,5,'Campaign One','Facebook Campaign','2015-08-01 00:00:00','2015-12-31 00:00:00','facebook like','ACTIVE','2015-08-15 20:53:43',1,'2015-08-15 12:53:43',1),(5,20,5,'Facebook Campaign','Facebook Campaign','2015-08-01 00:00:00','2015-12-31 00:00:00','Facebook Like','ACTIVE','2015-08-15 20:55:21',1,'2015-08-15 12:55:21',1),(6,22,6,'test camp','eadfdafasdf','2015-08-01 00:00:00','2015-11-30 00:00:00','SYSTEM','ACTIVE','2015-08-17 22:55:59',52,'2015-08-17 14:55:59',52),(7,22,6,'my camp here','the desc is here too','2015-08-05 00:00:00','2015-12-29 00:00:00','SYSTEM','ACTIVE','2015-08-17 23:14:08',52,'2015-08-17 15:14:08',52);
/*!40000 ALTER TABLE `campaigns` ENABLE KEYS */;
UNLOCK TABLES;

--
-- Table structure for table `campaigns1`
--

DROP TABLE IF EXISTS `campaigns1`;
/*!40101 SET @saved_cs_client     = @@character_set_client */;
/*!40101 SET character_set_client = utf8 */;
CREATE TABLE `campaigns1` (
  `CampaignId` int(11) unsigned NOT NULL AUTO_INCREMENT,
  `BrandId` int(11) unsigned NOT NULL DEFAULT '0',
  `CampaignName` varchar(100) COLLATE utf8_unicode_ci NOT NULL,
  `Description` varchar(100) COLLATE utf8_unicode_ci NOT NULL,
  `DurationFrom` datetime DEFAULT NULL,
  `DurationTo` datetime DEFAULT NULL,
  `Type` varchar(50) COLLATE utf8_unicode_ci NOT NULL,
  `Status` enum('PENDING','ACTIVE','INACTIVE') COLLATE utf8_unicode_ci DEFAULT 'PENDING',
  `DateCreated` datetime DEFAULT NULL,
  `CreatedBy` int(11) DEFAULT NULL,
  `DateUpdated` timestamp NULL DEFAULT CURRENT_TIMESTAMP ON UPDATE CURRENT_TIMESTAMP,
  `UpdatedBy` int(11) DEFAULT NULL,
  PRIMARY KEY (`BrandId`),
  KEY `CampaignId_idx` (`CampaignId`)
) ENGINE=MyISAM DEFAULT CHARSET=utf8 COLLATE=utf8_unicode_ci;
/*!40101 SET character_set_client = @saved_cs_client */;

--
-- Dumping data for table `campaigns1`
--

LOCK TABLES `campaigns1` WRITE;
/*!40000 ALTER TABLE `campaigns1` DISABLE KEYS */;
/*!40000 ALTER TABLE `campaigns1` ENABLE KEYS */;
UNLOCK TABLES;

--
-- Table structure for table `channels`
--

DROP TABLE IF EXISTS `channels`;
/*!40101 SET @saved_cs_client     = @@character_set_client */;
/*!40101 SET character_set_client = utf8 */;
CREATE TABLE `channels` (
  `ChannelId` int(11) unsigned NOT NULL AUTO_INCREMENT,
  `ClientId` int(11) unsigned NOT NULL,
  `BrandId` int(11) unsigned DEFAULT NULL,
  `CampaignId` int(11) unsigned DEFAULT NULL,
  `ChannelName` varchar(100) COLLATE utf8_unicode_ci NOT NULL,
  `Description` varchar(100) COLLATE utf8_unicode_ci NOT NULL,
  `DurationFrom` datetime DEFAULT NULL,
  `DurationTo` datetime DEFAULT NULL,
  `Type` varchar(50) COLLATE utf8_unicode_ci NOT NULL,
  `Status` enum('ACTIVE','PENDING','INACTIVE') COLLATE utf8_unicode_ci DEFAULT 'ACTIVE',
  `DateCreated` datetime DEFAULT NULL,
  `CreatedBy` int(11) DEFAULT NULL,
  `DateUpdated` timestamp NULL DEFAULT CURRENT_TIMESTAMP ON UPDATE CURRENT_TIMESTAMP,
  `UpdatedBy` int(11) DEFAULT NULL,
  PRIMARY KEY (`ChannelId`),
  KEY `ChannelId_idx` (`ChannelId`)
) ENGINE=MyISAM AUTO_INCREMENT=6 DEFAULT CHARSET=utf8 COLLATE=utf8_unicode_ci;
/*!40101 SET character_set_client = @saved_cs_client */;

--
-- Dumping data for table `channels`
--

LOCK TABLES `channels` WRITE;
/*!40000 ALTER TABLE `channels` DISABLE KEYS */;
INSERT INTO `channels` VALUES (1,18,3,1,'NPK Facebook Application','NPK Facebook Application','2015-08-20 00:00:00','2015-09-30 00:00:00','Facebook Application Points system','ACTIVE','2015-08-03 15:21:36',50,'2015-08-17 08:55:46',1),(2,18,1,2,'Agent of the Break Website','Agent of the Break Website','2015-04-20 00:00:00','2015-11-26 00:00:00','Website application','ACTIVE','2015-08-03 15:22:18',50,'2015-08-09 08:01:31',50),(3,20,5,4,'Twitter','Twitter','2015-08-01 00:00:00','2015-11-30 00:00:00','retweet','ACTIVE','2015-08-15 21:06:20',1,'2015-08-15 13:06:49',1),(4,22,6,6,'Chann Haaa','Oks Channel','2015-08-20 00:00:00','2015-12-31 00:00:00','SYSTEM','ACTIVE','2015-08-17 22:56:33',52,'2015-08-17 14:56:33',52),(5,22,6,7,'TEST 1111','hahaha 22222','2015-08-18 00:00:00','2015-10-28 00:00:00','SYSTEM','ACTIVE','2015-08-17 23:14:49',52,'2015-08-17 15:14:49',52);
/*!40000 ALTER TABLE `channels` ENABLE KEYS */;
UNLOCK TABLES;

--
-- Table structure for table `clients`
--

DROP TABLE IF EXISTS `clients`;
/*!40101 SET @saved_cs_client     = @@character_set_client */;
/*!40101 SET character_set_client = utf8 */;
CREATE TABLE `clients` (
  `ClientId` int(11) unsigned NOT NULL AUTO_INCREMENT,
  `CompanyName` varchar(32) COLLATE utf8_unicode_ci DEFAULT NULL,
  `Address` varchar(255) COLLATE utf8_unicode_ci DEFAULT NULL,
  `Email` varchar(50) COLLATE utf8_unicode_ci DEFAULT NULL,
  `Landline` varchar(30) COLLATE utf8_unicode_ci DEFAULT NULL,
  `Status` enum('ACTIVE','PENDING','INACTIVE') COLLATE utf8_unicode_ci DEFAULT 'ACTIVE',
  `DateCreated` datetime DEFAULT NULL,
  `CreatedBy` int(11) DEFAULT NULL,
  `DateUpdated` timestamp NULL DEFAULT CURRENT_TIMESTAMP ON UPDATE CURRENT_TIMESTAMP,
  `UpdatedBy` int(11) DEFAULT NULL,
  PRIMARY KEY (`ClientId`),
  KEY `CompanyName` (`CompanyName`)
) ENGINE=MyISAM AUTO_INCREMENT=28 DEFAULT CHARSET=utf8 COLLATE=utf8_unicode_ci;
/*!40101 SET character_set_client = @saved_cs_client */;

--
-- Dumping data for table `clients`
--

LOCK TABLES `clients` WRITE;
/*!40000 ALTER TABLE `clients` DISABLE KEYS */;
INSERT INTO `clients` VALUES (1,'Eva Fonda Foundation','Makati City','uniliver@uniliver.com','93423232','ACTIVE','2015-06-19 14:57:15',1,'2015-08-17 08:35:56',1),(18,'Nestle','Rockwell Makati City','info@nestle.com','934232229','ACTIVE','2015-08-03 15:15:27',1,'2015-08-03 07:15:27',NULL),(21,'Nivea','sample address','sample@email.com','123456','ACTIVE','2015-08-10 17:13:55',1,'2015-08-10 09:16:00',1),(20,'Abbott','Taguig City','test@test.com','223233232323','ACTIVE','2015-08-04 15:29:11',1,'2015-08-04 07:29:11',NULL),(22,'Smart ','TGT','globe@tgt.com','2112312321','ACTIVE','2015-08-13 15:43:19',1,'2015-08-13 07:56:21',1),(23,'Ginebra San Miguel','Manila','','123124','ACTIVE','2015-08-13 15:54:17',1,'2015-08-13 07:55:56',1),(24,'Donruss','Makati','',NULL,'ACTIVE','2015-08-17 14:17:05',1,'2015-08-17 06:17:28',1),(25,'Coke','','',NULL,'ACTIVE','2015-08-17 15:26:22',1,'2015-08-17 07:26:52',1),(26,'Rustan\'s Supercenter','Makati City','ph30@rtsi.com',NULL,'ACTIVE','2015-08-17 15:45:44',1,'2015-08-17 07:45:44',NULL),(27,'test company','','',NULL,'ACTIVE','2015-08-17 16:42:39',1,'2015-08-17 08:42:39',NULL);
/*!40000 ALTER TABLE `clients` ENABLE KEYS */;
UNLOCK TABLES;

--
-- Table structure for table `cms_logs`
--

DROP TABLE IF EXISTS `cms_logs`;
/*!40101 SET @saved_cs_client     = @@character_set_client */;
/*!40101 SET character_set_client = utf8 */;
CREATE TABLE `cms_logs` (
  `CmsLogId` int(11) unsigned NOT NULL AUTO_INCREMENT,
  `UserId` int(11) unsigned NOT NULL,
  `TableAffected` varchar(255) COLLATE utf8_unicode_ci NOT NULL,
  `SqlQuery` varchar(255) COLLATE utf8_unicode_ci NOT NULL,
  `LogDate` datetime DEFAULT NULL,
  PRIMARY KEY (`CmsLogId`)
) ENGINE=MyISAM DEFAULT CHARSET=utf8 COLLATE=utf8_unicode_ci;
/*!40101 SET character_set_client = @saved_cs_client */;

--
-- Dumping data for table `cms_logs`
--

LOCK TABLES `cms_logs` WRITE;
/*!40000 ALTER TABLE `cms_logs` DISABLE KEYS */;
/*!40000 ALTER TABLE `cms_logs` ENABLE KEYS */;
UNLOCK TABLES;

--
-- Table structure for table `coupon`
--

DROP TABLE IF EXISTS `coupon`;
/*!40101 SET @saved_cs_client     = @@character_set_client */;
/*!40101 SET character_set_client = utf8 */;
CREATE TABLE `coupon` (
  `CouponId` int(11) unsigned NOT NULL AUTO_INCREMENT,
  `Code` varchar(50) COLLATE utf8_unicode_ci NOT NULL,
  `Type` enum('ALPHA-NUMERIC','ALPHA','NUMERIC') COLLATE utf8_unicode_ci DEFAULT 'ALPHA-NUMERIC',
  `TypeId` varchar(50) COLLATE utf8_unicode_ci NOT NULL,
  `Source` varchar(50) COLLATE utf8_unicode_ci NOT NULL,
  `ExpiryDate` datetime DEFAULT NULL,
  `CodeLength` int(10) DEFAULT '0',
  `Status` enum('PENDING','ACTIVE','INACTIVE') COLLATE utf8_unicode_ci DEFAULT 'PENDING',
  `DateCreated` datetime DEFAULT NULL,
  `CreatedBy` int(11) DEFAULT NULL,
  `DateUpdated` timestamp NULL DEFAULT CURRENT_TIMESTAMP ON UPDATE CURRENT_TIMESTAMP,
  `UpdatedBy` int(11) DEFAULT NULL,
  `Image` varchar(200) COLLATE utf8_unicode_ci DEFAULT NULL,
  `Quantity` int(11) unsigned NOT NULL,
  `LimitPerUser` int(11) unsigned NOT NULL,
  `File` varchar(100) COLLATE utf8_unicode_ci DEFAULT NULL,
  `ImagePath` varchar(100) COLLATE utf8_unicode_ci DEFAULT NULL,
  `edit_flag` enum('0','1') COLLATE utf8_unicode_ci DEFAULT '0',
  `PointsValue` int(11) DEFAULT NULL,
  PRIMARY KEY (`CouponId`),
  KEY `Code_idx` (`Code`)
) ENGINE=MyISAM AUTO_INCREMENT=6 DEFAULT CHARSET=utf8 COLLATE=utf8_unicode_ci;
/*!40101 SET character_set_client = @saved_cs_client */;

--
-- Dumping data for table `coupon`
--

LOCK TABLES `coupon` WRITE;
/*!40000 ALTER TABLE `coupon` DISABLE KEYS */;
INSERT INTO `coupon` VALUES (1,'','ALPHA-NUMERIC','SYTEM-GENERATED','test','2015-08-31 00:00:00',15,'ACTIVE','2015-08-04 17:12:20',50,'2015-08-04 09:13:20',NULL,'http://104.156.53.150/multichannel/images/coupon/1438679540_11297638_10152902264230687_1682191121_n.jpg',5,1,NULL,NULL,'0',NULL),(2,'','ALPHA-NUMERIC','SYTEM-GENERATED','sample','2015-08-13 00:00:00',3,'ACTIVE','2015-08-10 17:12:48',1,'2015-08-13 14:04:09',NULL,NULL,1,10,NULL,NULL,'0',NULL),(3,'','ALPHA-NUMERIC','SYTEM-GENERATED','test','2015-12-31 00:00:00',5,'ACTIVE','2015-08-12 07:13:49',50,'2015-08-12 12:59:52',NULL,'http://104.156.53.150/multichannel/images/coupon/1439334829_coupon.screenshot.png',100,5,NULL,NULL,'0',NULL),(4,'','ALPHA-NUMERIC','SYTEM-GENERATED','sms','2015-08-31 00:00:00',6,'ACTIVE','2015-08-13 10:56:03',1,'2015-08-15 09:36:47',NULL,NULL,15,20,NULL,NULL,'0',NULL),(5,'','ALPHA-NUMERIC','SYTEM-GENERATED','DESKTOP','2015-08-31 00:00:00',5,'PENDING','2015-08-17 23:23:53',52,'2015-08-17 15:23:53',52,'http://104.156.53.150/multichannel/images/coupon/760a0752beaf4e30cc9ba2de4ff83f53_coupon.screenshot.png',100,10,NULL,NULL,'0',NULL);
/*!40000 ALTER TABLE `coupon` ENABLE KEYS */;
UNLOCK TABLES;

--
-- Table structure for table `coupon_mapping`
--

DROP TABLE IF EXISTS `coupon_mapping`;
/*!40101 SET @saved_cs_client     = @@character_set_client */;
/*!40101 SET character_set_client = utf8 */;
CREATE TABLE `coupon_mapping` (
  `CouponMappingId` int(11) unsigned NOT NULL AUTO_INCREMENT,
  `CouponId` int(11) unsigned NOT NULL,
  `ClientId` int(11) unsigned NOT NULL,
  `BrandId` int(11) unsigned NOT NULL,
  `CampaignId` int(11) unsigned NOT NULL,
  `ChannelId` int(11) unsigned NOT NULL,
  PRIMARY KEY (`CouponMappingId`),
  KEY `CouponId` (`CouponId`),
  KEY `ClientId` (`ClientId`),
  KEY `BrandId` (`BrandId`),
  KEY `ChannelId` (`ChannelId`)
) ENGINE=MyISAM AUTO_INCREMENT=6 DEFAULT CHARSET=latin1;
/*!40101 SET character_set_client = @saved_cs_client */;

--
-- Dumping data for table `coupon_mapping`
--

LOCK TABLES `coupon_mapping` WRITE;
/*!40000 ALTER TABLE `coupon_mapping` DISABLE KEYS */;
INSERT INTO `coupon_mapping` VALUES (1,1,18,1,2,2),(2,2,18,3,1,1),(3,3,18,1,2,2),(4,4,18,3,1,1),(5,5,22,6,6,4);
/*!40000 ALTER TABLE `coupon_mapping` ENABLE KEYS */;
UNLOCK TABLES;

--
-- Table structure for table `coupon_to_points`
--

DROP TABLE IF EXISTS `coupon_to_points`;
/*!40101 SET @saved_cs_client     = @@character_set_client */;
/*!40101 SET character_set_client = utf8 */;
CREATE TABLE `coupon_to_points` (
  `CtpId` int(11) unsigned NOT NULL AUTO_INCREMENT,
  `ClientId` int(11) DEFAULT NULL,
  `CouponId` varchar(255) COLLATE utf8_unicode_ci DEFAULT NULL,
  `Title` varchar(255) COLLATE utf8_unicode_ci DEFAULT NULL,
  `CouponRequired` int(11) DEFAULT NULL,
  `PointsValue` int(11) DEFAULT NULL,
  `Status` enum('PENDING','ACTIVE','INACTIVE') COLLATE utf8_unicode_ci DEFAULT 'PENDING',
  `DateCreated` datetime DEFAULT NULL,
  `CreatedBy` int(11) DEFAULT NULL,
  `DateUpdated` timestamp NULL DEFAULT CURRENT_TIMESTAMP ON UPDATE CURRENT_TIMESTAMP,
  `UpdatedBy` int(11) DEFAULT NULL,
  PRIMARY KEY (`CtpId`),
  KEY `Title_idx` (`Title`)
) ENGINE=MyISAM AUTO_INCREMENT=5 DEFAULT CHARSET=utf8 COLLATE=utf8_unicode_ci;
/*!40101 SET character_set_client = @saved_cs_client */;

--
-- Dumping data for table `coupon_to_points`
--

LOCK TABLES `coupon_to_points` WRITE;
/*!40000 ALTER TABLE `coupon_to_points` DISABLE KEYS */;
INSERT INTO `coupon_to_points` VALUES (1,18,'4','this is the title',3,6,'ACTIVE','2015-08-17 06:30:13',1,'2015-08-17 14:42:10',1),(2,18,'2','asdsafds upd',3,3,'ACTIVE','2015-08-17 06:34:03',55,'2015-08-17 14:42:10',55),(3,22,'5','oks haha couip',34,55,'ACTIVE','2015-08-17 23:24:28',52,'2015-08-17 16:00:02',52),(4,22,'5','dabis ahaha',344,29,'ACTIVE','2015-08-17 23:24:34',52,'2015-08-17 15:26:02',52);
/*!40000 ALTER TABLE `coupon_to_points` ENABLE KEYS */;
UNLOCK TABLES;

--
-- Table structure for table `customer_points`
--

DROP TABLE IF EXISTS `customer_points`;
/*!40101 SET @saved_cs_client     = @@character_set_client */;
/*!40101 SET character_set_client = utf8 */;
CREATE TABLE `customer_points` (
  `CustomerPointId` int(11) unsigned NOT NULL AUTO_INCREMENT,
  `SubscriptionId` int(11) NOT NULL,
  `Balance` int(11) unsigned NOT NULL,
  `Used` int(11) unsigned NOT NULL,
  `Total` int(11) unsigned NOT NULL,
  `DateCreated` datetime DEFAULT NULL,
  `CreatedBy` int(11) DEFAULT NULL,
  `DateUpdated` timestamp NULL DEFAULT CURRENT_TIMESTAMP ON UPDATE CURRENT_TIMESTAMP,
  `UpdatedBy` int(11) DEFAULT NULL,
  PRIMARY KEY (`CustomerPointId`),
  KEY `SubscriptionId_idx` (`SubscriptionId`)
) ENGINE=MyISAM AUTO_INCREMENT=5 DEFAULT CHARSET=utf8 COLLATE=utf8_unicode_ci;
/*!40101 SET character_set_client = @saved_cs_client */;

--
-- Dumping data for table `customer_points`
--

LOCK TABLES `customer_points` WRITE;
/*!40000 ALTER TABLE `customer_points` DISABLE KEYS */;
INSERT INTO `customer_points` VALUES (1,1,5,0,105,'2015-08-04 16:06:33',NULL,'2015-08-17 16:00:08',50),(2,2,16,0,66,'2015-08-04 16:21:45',NULL,'2015-08-17 16:00:24',NULL),(3,3,0,0,20,'2015-08-10 00:28:55',50,'2015-08-17 16:00:44',50),(4,4,5,0,5,'2015-08-13 16:15:29',NULL,'2015-08-13 08:15:42',NULL);
/*!40000 ALTER TABLE `customer_points` ENABLE KEYS */;
UNLOCK TABLES;

--
-- Table structure for table `customer_subscriptions`
--

DROP TABLE IF EXISTS `customer_subscriptions`;
/*!40101 SET @saved_cs_client     = @@character_set_client */;
/*!40101 SET character_set_client = utf8 */;
CREATE TABLE `customer_subscriptions` (
  `SubscriptionId` int(11) unsigned NOT NULL AUTO_INCREMENT,
  `CustomerId` int(11) unsigned DEFAULT NULL,
  `ClientId` int(11) DEFAULT NULL,
  `BrandId` int(11) unsigned DEFAULT NULL,
  `CampaignId` int(11) unsigned DEFAULT NULL,
  `ChannelId` int(11) unsigned DEFAULT NULL,
  `Status` enum('PENDING','ACTIVE','INACTIVE') COLLATE utf8_unicode_ci DEFAULT 'PENDING',
  `DateCreated` datetime DEFAULT NULL,
  `CreatedBy` int(11) DEFAULT NULL,
  `DateUpdated` timestamp NULL DEFAULT CURRENT_TIMESTAMP ON UPDATE CURRENT_TIMESTAMP,
  `UpdatedBy` int(11) DEFAULT NULL,
  PRIMARY KEY (`SubscriptionId`),
  KEY `CustomerId_idx` (`CustomerId`)
) ENGINE=MyISAM AUTO_INCREMENT=5 DEFAULT CHARSET=utf8 COLLATE=utf8_unicode_ci;
/*!40101 SET character_set_client = @saved_cs_client */;

--
-- Dumping data for table `customer_subscriptions`
--

LOCK TABLES `customer_subscriptions` WRITE;
/*!40000 ALTER TABLE `customer_subscriptions` DISABLE KEYS */;
INSERT INTO `customer_subscriptions` VALUES (1,1,18,1,2,2,'ACTIVE','2015-08-04 16:06:33',NULL,'2015-08-04 08:06:33',NULL),(2,1,18,3,1,1,'ACTIVE','2015-08-04 16:21:45',NULL,'2015-08-04 08:21:45',NULL),(3,1,18,1,1,2,'ACTIVE','2015-08-10 00:28:55',50,'2015-08-09 16:28:55',50),(4,6,18,1,2,2,'ACTIVE','2015-08-13 16:15:29',NULL,'2015-08-13 08:15:29',NULL);
/*!40000 ALTER TABLE `customer_subscriptions` ENABLE KEYS */;
UNLOCK TABLES;

--
-- Table structure for table `customers`
--

DROP TABLE IF EXISTS `customers`;
/*!40101 SET @saved_cs_client     = @@character_set_client */;
/*!40101 SET character_set_client = utf8 */;
CREATE TABLE `customers` (
  `CustomerId` int(11) unsigned NOT NULL AUTO_INCREMENT,
  `FirstName` varchar(50) COLLATE utf8_unicode_ci DEFAULT NULL,
  `MiddleName` varchar(50) COLLATE utf8_unicode_ci DEFAULT NULL,
  `LastName` varchar(50) COLLATE utf8_unicode_ci DEFAULT NULL,
  `Gender` enum('M','F') COLLATE utf8_unicode_ci DEFAULT 'M',
  `ContactNumber` varchar(255) COLLATE utf8_unicode_ci DEFAULT NULL,
  `Address` varchar(255) COLLATE utf8_unicode_ci DEFAULT NULL,
  `Email` varchar(30) COLLATE utf8_unicode_ci DEFAULT NULL,
  `FBId` varchar(30) COLLATE utf8_unicode_ci DEFAULT NULL,
  `TwitterHandle` varchar(30) COLLATE utf8_unicode_ci DEFAULT NULL,
  `Status` enum('PENDING','ACTIVE','INACTIVE') COLLATE utf8_unicode_ci DEFAULT 'PENDING',
  `DateCreated` datetime DEFAULT NULL,
  `CreatedBy` int(11) DEFAULT NULL,
  `DateUpdated` timestamp NULL DEFAULT CURRENT_TIMESTAMP ON UPDATE CURRENT_TIMESTAMP,
  `UpdatedBy` int(11) DEFAULT NULL,
  `ClientId` int(11) unsigned NOT NULL,
  `BirthDate` date DEFAULT NULL,
  PRIMARY KEY (`CustomerId`),
  KEY `Email_idx` (`Email`)
) ENGINE=MyISAM AUTO_INCREMENT=12 DEFAULT CHARSET=utf8 COLLATE=utf8_unicode_ci;
/*!40101 SET character_set_client = @saved_cs_client */;

--
-- Dumping data for table `customers`
--

LOCK TABLES `customers` WRITE;
/*!40000 ALTER TABLE `customers` DISABLE KEYS */;
INSERT INTO `customers` VALUES (1,'Juan','M','dela Cruz','M','234234234','Manila','jmdelacruz@yahoo.com',NULL,NULL,'ACTIVE','2015-07-29 12:43:31',1,'2015-08-09 08:27:32',1,18,NULL),(2,'Erap','M','Estrada','M','234234234','Manila','erap@yahoo.com',NULL,NULL,'ACTIVE','2015-07-29 12:47:53',1,'2015-08-09 08:27:32',1,18,NULL),(3,'Grace','M','Poe','M','234234234','Manila','gracepoe@yahoo.com',NULL,NULL,'ACTIVE','2015-07-29 12:47:53',1,'2015-08-09 08:27:32',1,18,NULL),(4,'Jejomar','M','Binay','M','234234234','Manila','jojobinay@yahoo.com',NULL,NULL,'ACTIVE','2015-07-29 12:47:53',1,'2015-08-09 08:27:32',1,18,NULL),(5,'Rodrigo','M','Duterte','M','234234234','Manila','duterte@yahoo.com',NULL,NULL,'ACTIVE','2015-07-29 12:47:53',1,'2015-08-09 08:27:32',1,18,NULL),(6,'Chiz','M','Escudedo','M','234234234','Manila','chizescudero@yahoo.com',NULL,NULL,'ACTIVE','2015-07-29 12:47:54',1,'2015-08-09 08:27:32',1,18,NULL),(7,'Jose','Manalo','Rizal','M','09051234567','QC','manaloj@yahoo.com','manaloj','@manaloj','ACTIVE','2015-08-09 17:03:13',NULL,'2015-08-09 09:11:29',NULL,18,NULL),(8,'Kim','o','Tan','F','24234234234','Manila','kim.tan@yahoo.com',NULL,NULL,'ACTIVE','2015-08-13 16:38:33',NULL,'2015-08-16 00:10:39',NULL,22,NULL),(9,'Fiwst','Midol','Lawst','F','3212','Dubais','email3@yahoo.com','tewst','@tewst','ACTIVE','2015-08-14 12:14:17',NULL,'2015-08-16 05:24:57',NULL,2,NULL),(10,'Katie','Legaspi','Abesamis','F','09175222792','Manila','ph30@rtsi2@gmail.com','Katie Abesamis','katieabesamis','ACTIVE','2015-08-17 15:55:01',NULL,'2015-08-17 07:55:01',NULL,26,NULL),(11,'asad','Lerma','Santos','F','121212312','Paranaque','simplegeorgina@yahoo.com',NULL,NULL,'INACTIVE','2015-08-17 18:05:39',NULL,'2015-08-17 10:16:04',NULL,22,NULL);
/*!40000 ALTER TABLE `customers` ENABLE KEYS */;
UNLOCK TABLES;

--
-- Table structure for table `generated_coupons`
--

DROP TABLE IF EXISTS `generated_coupons`;
/*!40101 SET @saved_cs_client     = @@character_set_client */;
/*!40101 SET character_set_client = utf8 */;
CREATE TABLE `generated_coupons` (
  `GeneratedCouponId` int(11) unsigned NOT NULL AUTO_INCREMENT,
  `CouponId` int(11) unsigned NOT NULL,
  `CustomerId` int(11) DEFAULT NULL,
  `Status` enum('REDEEMED','PENDING','REDEEMED_AND_CONVERTED') COLLATE utf8_unicode_ci DEFAULT NULL,
  `Code` varchar(200) COLLATE utf8_unicode_ci DEFAULT NULL,
  `DateCreated` datetime DEFAULT NULL,
  `CreatedBy` int(11) DEFAULT NULL,
  `DateUpdated` timestamp NULL DEFAULT CURRENT_TIMESTAMP ON UPDATE CURRENT_TIMESTAMP,
  `UpdatedBy` int(11) DEFAULT NULL,
  `DateRedeemed` datetime DEFAULT NULL,
  `CouponMappingId` int(11) unsigned NOT NULL,
  PRIMARY KEY (`GeneratedCouponId`)
) ENGINE=MyISAM AUTO_INCREMENT=123 DEFAULT CHARSET=utf8 COLLATE=utf8_unicode_ci;
/*!40101 SET character_set_client = @saved_cs_client */;

--
-- Dumping data for table `generated_coupons`
--

LOCK TABLES `generated_coupons` WRITE;
/*!40000 ALTER TABLE `generated_coupons` DISABLE KEYS */;
INSERT INTO `generated_coupons` VALUES (1,1,1,'REDEEMED','HPSRcnPZSUxIUaV','2015-08-04 17:13:20',NULL,'2015-08-04 09:14:42',NULL,'2015-08-04 17:14:42',1),(2,1,4,'REDEEMED','b1RltJL7elCaJx8','2015-08-04 17:13:20',NULL,'2015-08-09 10:41:29',NULL,'2015-08-09 18:41:29',1),(3,1,2,'REDEEMED','36NJMRZtFGd4eY5','2015-08-04 17:13:20',NULL,'2015-08-04 09:16:03',NULL,'2015-08-04 17:16:03',1),(4,1,3,'REDEEMED','21TIcdhOam2CnA1','2015-08-04 17:13:20',NULL,'2015-08-04 09:18:08',NULL,'2015-08-04 17:18:08',1),(5,1,5,'REDEEMED','krV13yGPSbmV5rJ','2015-08-04 17:13:20',NULL,'2015-08-04 09:18:14',NULL,'2015-08-04 17:18:14',1),(6,2,7,'REDEEMED','2zs','2015-08-11 20:29:34',NULL,'2015-08-12 01:45:21',NULL,'2015-08-12 09:45:21',2),(7,3,5,'REDEEMED','ADCae','2015-08-12 20:59:52',NULL,'2015-08-14 12:57:48',NULL,'2015-08-14 20:57:48',3),(8,3,5,'REDEEMED','98ZHY','2015-08-12 20:59:52',NULL,'2015-08-14 14:01:40',NULL,'2015-08-14 22:01:40',3),(9,3,1,'REDEEMED','lK6vr','2015-08-12 20:59:52',NULL,'2015-08-14 14:03:40',NULL,'2015-08-14 22:03:40',3),(10,3,NULL,'PENDING','tcUK6','2015-08-12 20:59:52',NULL,'2015-08-12 12:59:52',NULL,NULL,0),(11,3,NULL,'PENDING','8YgA5','2015-08-12 20:59:52',NULL,'2015-08-12 12:59:52',NULL,NULL,0),(12,3,NULL,'PENDING','NmdaC','2015-08-12 20:59:52',NULL,'2015-08-12 12:59:52',NULL,NULL,0),(13,3,NULL,'PENDING','bB7DB','2015-08-12 20:59:52',NULL,'2015-08-12 12:59:52',NULL,NULL,0),(14,3,NULL,'PENDING','bBz10','2015-08-12 20:59:52',NULL,'2015-08-12 12:59:52',NULL,NULL,0),(15,3,NULL,'PENDING','mcJhy','2015-08-12 20:59:52',NULL,'2015-08-12 12:59:52',NULL,NULL,0),(16,3,NULL,'PENDING','3BBLc','2015-08-12 20:59:52',NULL,'2015-08-12 12:59:52',NULL,NULL,0),(17,3,NULL,'PENDING','xJ2D0','2015-08-12 20:59:52',NULL,'2015-08-12 12:59:52',NULL,NULL,0),(18,3,9,'REDEEMED','UgmYh','2015-08-12 20:59:52',NULL,'2015-08-15 22:48:55',NULL,'2015-08-16 06:48:55',3),(19,3,NULL,'PENDING','P1ILs','2015-08-12 20:59:52',NULL,'2015-08-12 12:59:52',NULL,NULL,0),(20,3,NULL,'PENDING','aNUAD','2015-08-12 20:59:52',NULL,'2015-08-12 12:59:52',NULL,NULL,0),(21,3,NULL,'PENDING','TMFtU','2015-08-12 20:59:52',NULL,'2015-08-12 12:59:52',NULL,NULL,0),(22,3,NULL,'PENDING','5kluY','2015-08-12 20:59:52',NULL,'2015-08-12 12:59:52',NULL,NULL,0),(23,3,NULL,'PENDING','oRyfk','2015-08-12 20:59:52',NULL,'2015-08-12 12:59:52',NULL,NULL,0),(24,3,NULL,'PENDING','x1rJN','2015-08-12 20:59:52',NULL,'2015-08-12 12:59:52',NULL,NULL,0),(25,3,NULL,'PENDING','AoD03','2015-08-12 20:59:52',NULL,'2015-08-12 12:59:52',NULL,NULL,0),(26,3,NULL,'PENDING','XaFHA','2015-08-12 20:59:52',NULL,'2015-08-12 12:59:52',NULL,NULL,0),(27,3,NULL,'PENDING','0pdEK','2015-08-12 20:59:52',NULL,'2015-08-12 12:59:52',NULL,NULL,0),(28,3,NULL,'PENDING','ZzVaT','2015-08-12 20:59:52',NULL,'2015-08-12 12:59:52',NULL,NULL,0),(29,3,NULL,'PENDING','JpB8v','2015-08-12 20:59:52',NULL,'2015-08-12 12:59:52',NULL,NULL,0),(30,3,NULL,'PENDING','Lul55','2015-08-12 20:59:52',NULL,'2015-08-12 12:59:52',NULL,NULL,0),(31,3,NULL,'PENDING','1tjtt','2015-08-12 20:59:52',NULL,'2015-08-12 12:59:52',NULL,NULL,0),(32,3,NULL,'PENDING','bgtGN','2015-08-12 20:59:52',NULL,'2015-08-12 12:59:52',NULL,NULL,0),(33,3,NULL,'PENDING','UG5Ya','2015-08-12 20:59:52',NULL,'2015-08-12 12:59:52',NULL,NULL,0),(34,3,NULL,'PENDING','ELApL','2015-08-12 20:59:52',NULL,'2015-08-12 12:59:52',NULL,NULL,0),(35,3,NULL,'PENDING','i24KY','2015-08-12 20:59:52',NULL,'2015-08-12 12:59:52',NULL,NULL,0),(36,3,NULL,'PENDING','nmiAg','2015-08-12 20:59:52',NULL,'2015-08-12 12:59:52',NULL,NULL,0),(37,3,NULL,'PENDING','cpBmJ','2015-08-12 20:59:52',NULL,'2015-08-12 12:59:52',NULL,NULL,0),(38,3,NULL,'PENDING','VnPeV','2015-08-12 20:59:52',NULL,'2015-08-12 12:59:52',NULL,NULL,0),(39,3,NULL,'PENDING','tZrnL','2015-08-12 20:59:52',NULL,'2015-08-12 12:59:52',NULL,NULL,0),(40,3,NULL,'PENDING','sTnS0','2015-08-12 20:59:52',NULL,'2015-08-12 12:59:52',NULL,NULL,0),(41,3,NULL,'PENDING','231TD','2015-08-12 20:59:52',NULL,'2015-08-12 12:59:52',NULL,NULL,0),(42,3,NULL,'PENDING','N8PXy','2015-08-12 20:59:52',NULL,'2015-08-12 12:59:52',NULL,NULL,0),(43,3,NULL,'PENDING','Y1Noc','2015-08-12 20:59:52',NULL,'2015-08-12 12:59:52',NULL,NULL,0),(44,3,NULL,'PENDING','nar6e','2015-08-12 20:59:52',NULL,'2015-08-12 12:59:52',NULL,NULL,0),(45,3,NULL,'PENDING','cn5uD','2015-08-12 20:59:52',NULL,'2015-08-12 12:59:52',NULL,NULL,0),(46,3,NULL,'PENDING','GNlUv','2015-08-12 20:59:52',NULL,'2015-08-12 12:59:52',NULL,NULL,0),(47,3,NULL,'PENDING','lKnct','2015-08-12 20:59:52',NULL,'2015-08-12 12:59:52',NULL,NULL,0),(48,3,NULL,'PENDING','RPryD','2015-08-12 20:59:52',NULL,'2015-08-12 12:59:52',NULL,NULL,0),(49,3,NULL,'PENDING','OktsA','2015-08-12 20:59:52',NULL,'2015-08-12 12:59:52',NULL,NULL,0),(50,3,NULL,'PENDING','vHANC','2015-08-12 20:59:52',NULL,'2015-08-12 12:59:52',NULL,NULL,0),(51,3,NULL,'PENDING','FRRAb','2015-08-12 20:59:52',NULL,'2015-08-12 12:59:52',NULL,NULL,0),(52,3,NULL,'PENDING','j8PxR','2015-08-12 20:59:52',NULL,'2015-08-12 12:59:52',NULL,NULL,0),(53,3,NULL,'PENDING','cIspK','2015-08-12 20:59:52',NULL,'2015-08-12 12:59:52',NULL,NULL,0),(54,3,NULL,'PENDING','M9r5x','2015-08-12 20:59:52',NULL,'2015-08-12 12:59:52',NULL,NULL,0),(55,3,NULL,'PENDING','VIHe3','2015-08-12 20:59:52',NULL,'2015-08-12 12:59:52',NULL,NULL,0),(56,3,NULL,'PENDING','9Bzze','2015-08-12 20:59:52',NULL,'2015-08-12 12:59:52',NULL,NULL,0),(57,3,NULL,'PENDING','36VIv','2015-08-12 20:59:52',NULL,'2015-08-12 12:59:52',NULL,NULL,0),(58,3,NULL,'PENDING','YTsDf','2015-08-12 20:59:52',NULL,'2015-08-12 12:59:52',NULL,NULL,0),(59,3,NULL,'PENDING','0FOsX','2015-08-12 20:59:52',NULL,'2015-08-12 12:59:52',NULL,NULL,0),(60,3,NULL,'PENDING','o6UHZ','2015-08-12 20:59:52',NULL,'2015-08-12 12:59:52',NULL,NULL,0),(61,3,NULL,'PENDING','hsyOx','2015-08-12 20:59:52',NULL,'2015-08-12 12:59:52',NULL,NULL,0),(62,3,NULL,'PENDING','pNYPd','2015-08-12 20:59:52',NULL,'2015-08-12 12:59:52',NULL,NULL,0),(63,3,NULL,'PENDING','3H9Nf','2015-08-12 20:59:52',NULL,'2015-08-12 12:59:52',NULL,NULL,0),(64,3,NULL,'PENDING','tBZL6','2015-08-12 20:59:52',NULL,'2015-08-12 12:59:52',NULL,NULL,0),(65,3,NULL,'PENDING','6LAJ6','2015-08-12 20:59:52',NULL,'2015-08-12 12:59:52',NULL,NULL,0),(66,3,NULL,'PENDING','lZ18x','2015-08-12 20:59:52',NULL,'2015-08-12 12:59:52',NULL,NULL,0),(67,3,NULL,'PENDING','NeOcU','2015-08-12 20:59:52',NULL,'2015-08-12 12:59:52',NULL,NULL,0),(68,3,NULL,'PENDING','bsz19','2015-08-12 20:59:52',NULL,'2015-08-12 12:59:52',NULL,NULL,0),(69,3,NULL,'PENDING','CSFBv','2015-08-12 20:59:52',NULL,'2015-08-12 12:59:52',NULL,NULL,0),(70,3,NULL,'PENDING','LVYBy','2015-08-12 20:59:52',NULL,'2015-08-12 12:59:52',NULL,NULL,0),(71,3,NULL,'PENDING','Sv0i6','2015-08-12 20:59:52',NULL,'2015-08-12 12:59:52',NULL,NULL,0),(72,3,NULL,'PENDING','5vUUt','2015-08-12 20:59:52',NULL,'2015-08-12 12:59:52',NULL,NULL,0),(73,3,NULL,'PENDING','gzyVB','2015-08-12 20:59:52',NULL,'2015-08-12 12:59:52',NULL,NULL,0),(74,3,NULL,'PENDING','iYTIN','2015-08-12 20:59:52',NULL,'2015-08-12 12:59:52',NULL,NULL,0),(75,3,NULL,'PENDING','SavmB','2015-08-12 20:59:52',NULL,'2015-08-12 12:59:52',NULL,NULL,0),(76,3,NULL,'PENDING','S1mGp','2015-08-12 20:59:52',NULL,'2015-08-12 12:59:52',NULL,NULL,0),(77,3,NULL,'PENDING','KoLKy','2015-08-12 20:59:52',NULL,'2015-08-12 12:59:52',NULL,NULL,0),(78,3,NULL,'PENDING','HFTro','2015-08-12 20:59:52',NULL,'2015-08-12 12:59:52',NULL,NULL,0),(79,3,NULL,'PENDING','czNBj','2015-08-12 20:59:52',NULL,'2015-08-12 12:59:52',NULL,NULL,0),(80,3,NULL,'PENDING','eK9Zi','2015-08-12 20:59:52',NULL,'2015-08-12 12:59:52',NULL,NULL,0),(81,3,NULL,'PENDING','LGj9U','2015-08-12 20:59:52',NULL,'2015-08-12 12:59:52',NULL,NULL,0),(82,3,NULL,'PENDING','LPJZm','2015-08-12 20:59:52',NULL,'2015-08-12 12:59:52',NULL,NULL,0),(83,3,NULL,'PENDING','2zCC0','2015-08-12 20:59:52',NULL,'2015-08-12 12:59:52',NULL,NULL,0),(84,3,NULL,'PENDING','1aEJr','2015-08-12 20:59:52',NULL,'2015-08-12 12:59:52',NULL,NULL,0),(85,3,NULL,'PENDING','TMPyd','2015-08-12 20:59:52',NULL,'2015-08-12 12:59:52',NULL,NULL,0),(86,3,NULL,'PENDING','2DOZr','2015-08-12 20:59:52',NULL,'2015-08-12 12:59:52',NULL,NULL,0),(87,3,NULL,'PENDING','ZBZ9z','2015-08-12 20:59:52',NULL,'2015-08-12 12:59:52',NULL,NULL,0),(88,3,NULL,'PENDING','IKeiz','2015-08-12 20:59:52',NULL,'2015-08-12 12:59:52',NULL,NULL,0),(89,3,NULL,'PENDING','r0ZUC','2015-08-12 20:59:52',NULL,'2015-08-12 12:59:52',NULL,NULL,0),(90,3,NULL,'PENDING','ZJCsj','2015-08-12 20:59:52',NULL,'2015-08-12 12:59:52',NULL,NULL,0),(91,3,NULL,'PENDING','UcXAA','2015-08-12 20:59:52',NULL,'2015-08-12 12:59:52',NULL,NULL,0),(92,3,NULL,'PENDING','2r5Ff','2015-08-12 20:59:52',NULL,'2015-08-12 12:59:52',NULL,NULL,0),(93,3,NULL,'PENDING','ktG0s','2015-08-12 20:59:52',NULL,'2015-08-12 12:59:52',NULL,NULL,0),(94,3,NULL,'PENDING','6I4aS','2015-08-12 20:59:52',NULL,'2015-08-12 12:59:52',NULL,NULL,0),(95,3,NULL,'PENDING','ssRgc','2015-08-12 20:59:52',NULL,'2015-08-12 12:59:52',NULL,NULL,0),(96,3,NULL,'PENDING','j6MMn','2015-08-12 20:59:52',NULL,'2015-08-12 12:59:52',NULL,NULL,0),(97,3,NULL,'PENDING','XxrIY','2015-08-12 20:59:52',NULL,'2015-08-12 12:59:52',NULL,NULL,0),(98,3,NULL,'PENDING','SzeL6','2015-08-12 20:59:52',NULL,'2015-08-12 12:59:52',NULL,NULL,0),(99,3,NULL,'PENDING','kXoSX','2015-08-12 20:59:52',NULL,'2015-08-12 12:59:52',NULL,NULL,0),(100,3,NULL,'PENDING','HNvBO','2015-08-12 20:59:52',NULL,'2015-08-12 12:59:52',NULL,NULL,0),(101,3,NULL,'PENDING','dU8V2','2015-08-12 20:59:52',NULL,'2015-08-12 12:59:52',NULL,NULL,0),(102,3,NULL,'PENDING','a6XMI','2015-08-12 20:59:52',NULL,'2015-08-12 12:59:52',NULL,NULL,0),(103,3,1,'REDEEMED_AND_CONVERTED','bA6s0','2015-08-12 20:59:52',NULL,'2015-08-15 14:38:18',NULL,'2015-08-15 22:36:45',4),(104,3,NULL,'PENDING','SayYL','2015-08-12 20:59:52',NULL,'2015-08-12 12:59:52',NULL,NULL,0),(105,3,NULL,'PENDING','t0zIR','2015-08-12 20:59:52',NULL,'2015-08-12 12:59:52',NULL,NULL,0),(106,3,NULL,'PENDING','kguGI','2015-08-12 20:59:52',NULL,'2015-08-12 12:59:52',NULL,NULL,0),(107,4,1,'REDEEMED','lfBcK0','2015-08-13 21:54:14',NULL,'2015-08-15 13:21:19',NULL,'2015-08-15 21:21:19',4),(108,4,1,'REDEEMED','MZI2xd','2015-08-13 21:54:14',NULL,'2015-08-15 13:21:23',NULL,'2015-08-15 21:21:23',4),(109,4,1,'REDEEMED_AND_CONVERTED','8tkd1Y','2015-08-13 21:54:14',NULL,'2015-08-15 15:15:55',NULL,'2015-08-15 22:57:44',4),(110,4,1,'REDEEMED_AND_CONVERTED','rkng2h','2015-08-13 21:54:14',NULL,'2015-08-15 15:21:34',NULL,'2015-08-15 22:57:19',4),(111,4,1,'REDEEMED','Fx0ddr','2015-08-13 21:54:14',NULL,'2015-08-15 13:52:20',NULL,'2015-08-15 21:52:20',4),(112,4,1,'REDEEMED','moyOs9','2015-08-13 21:54:14',NULL,'2015-08-15 13:50:54',NULL,'2015-08-15 21:50:54',4),(113,4,1,'REDEEMED','N6YmXk','2015-08-13 21:54:14',NULL,'2015-08-15 13:49:45',NULL,'2015-08-15 21:49:45',4),(114,4,1,'REDEEMED','pTEBYt','2015-08-13 21:54:14',NULL,'2015-08-15 13:48:02',NULL,'2015-08-15 21:48:02',4),(115,4,1,'REDEEMED','neFDkv','2015-08-13 21:54:14',NULL,'2015-08-15 13:47:37',NULL,'2015-08-15 21:47:37',4),(116,4,1,'REDEEMED','KRSKUX','2015-08-13 21:54:14',NULL,'2015-08-15 13:46:43',NULL,'2015-08-15 21:46:43',4),(117,4,1,'REDEEMED_AND_CONVERTED','39bpMu','2015-08-13 21:54:14',NULL,'2015-08-15 14:30:00',NULL,'2015-08-15 18:14:45',4),(118,4,1,'REDEEMED','orodEc','2015-08-13 21:54:14',NULL,'2015-08-15 10:14:13',NULL,'2015-08-15 18:14:13',4),(119,4,1,'REDEEMED','nVVSlJ','2015-08-13 21:54:14',NULL,'2015-08-15 10:14:00',NULL,'2015-08-15 18:14:00',4),(120,4,1,'REDEEMED','cBNH5Z','2015-08-13 21:54:14',NULL,'2015-08-15 09:37:02',NULL,'2015-08-15 17:37:02',4),(121,4,1,'REDEEMED','5FGMfp','2015-08-13 21:54:14',NULL,'2015-08-15 09:27:32',NULL,'2015-08-15 17:27:32',4),(122,2,1,'REDEEMED','dCe','2015-08-13 22:04:09',NULL,'2015-08-15 08:55:31',NULL,'2015-08-15 16:55:31',2);
/*!40000 ALTER TABLE `generated_coupons` ENABLE KEYS */;
UNLOCK TABLES;

--
-- Table structure for table `login_trigger`
--

DROP TABLE IF EXISTS `login_trigger`;
/*!40101 SET @saved_cs_client     = @@character_set_client */;
/*!40101 SET character_set_client = utf8 */;
CREATE TABLE `login_trigger` (
  `TriggerId` int(11) unsigned NOT NULL AUTO_INCREMENT,
  `ClientId` int(11) unsigned NOT NULL,
  `BrandId` int(11) unsigned NOT NULL,
  `CampaignId` int(11) unsigned NOT NULL,
  `ChannelId` int(11) unsigned NOT NULL,
  `TriggerParameter` varchar(100) COLLATE utf8_unicode_ci DEFAULT NULL,
  `StartDate` date DEFAULT NULL,
  `EndDate` date DEFAULT NULL,
  `TriggerReward` varchar(100) COLLATE utf8_unicode_ci DEFAULT NULL,
  `DateCreated` datetime DEFAULT NULL,
  `CreatedBy` int(11) DEFAULT NULL,
  `DateUpdated` timestamp NULL DEFAULT CURRENT_TIMESTAMP ON UPDATE CURRENT_TIMESTAMP,
  `UpdatedBy` varchar(30) COLLATE utf8_unicode_ci DEFAULT NULL,
  PRIMARY KEY (`TriggerId`)
) ENGINE=MyISAM AUTO_INCREMENT=5 DEFAULT CHARSET=utf8 COLLATE=utf8_unicode_ci;
/*!40101 SET character_set_client = @saved_cs_client */;

--
-- Dumping data for table `login_trigger`
--

LOCK TABLES `login_trigger` WRITE;
/*!40000 ALTER TABLE `login_trigger` DISABLE KEYS */;
INSERT INTO `login_trigger` VALUES (1,1,1,1,1,'Test Parameter','2015-05-02','2015-05-30','Test Reward','2015-05-02 00:00:00',NULL,'2015-05-02 04:05:35',NULL),(2,1,2,3,4,'Blabla','2015-05-01','2015-06-01','magic','2015-05-02 12:19:18',1,'2015-05-02 04:19:18','1'),(3,1,2,3,4,'Blabla','2015-05-01','2015-06-01','magic','2015-05-02 12:20:05',NULL,'2015-05-02 04:20:05',NULL),(4,1,2,3,4,'Blabla','2015-05-01','2015-06-01','magic','2015-05-02 12:23:05',NULL,'2015-05-02 04:23:05',NULL);
/*!40000 ALTER TABLE `login_trigger` ENABLE KEYS */;
UNLOCK TABLES;

--
-- Table structure for table `points`
--

DROP TABLE IF EXISTS `points`;
/*!40101 SET @saved_cs_client     = @@character_set_client */;
/*!40101 SET character_set_client = utf8 */;
CREATE TABLE `points` (
  `PointsId` int(11) unsigned NOT NULL AUTO_INCREMENT,
  `BrandId` int(11) unsigned DEFAULT NULL,
  `CampaignId` int(11) unsigned DEFAULT NULL,
  `ChannelId` int(11) unsigned DEFAULT NULL,
  `ClientId` int(11) DEFAULT NULL,
  `From` datetime DEFAULT NULL,
  `To` datetime DEFAULT NULL,
  `Value` int(11) DEFAULT NULL,
  `PointAction` varchar(25) DEFAULT NULL,
  `PointCapping` enum('DAILY','NONE') DEFAULT 'NONE',
  `PointsLimit` int(11) DEFAULT '0',
  `Status` enum('ACTIVE','PENDING','INACTIVE') CHARACTER SET utf8 COLLATE utf8_unicode_ci DEFAULT 'ACTIVE',
  `DateCreated` datetime DEFAULT NULL,
  `CreatedBy` int(11) DEFAULT NULL,
  `DateUpdated` timestamp NULL DEFAULT CURRENT_TIMESTAMP ON UPDATE CURRENT_TIMESTAMP,
  `UpdatedBy` int(11) DEFAULT NULL,
  PRIMARY KEY (`PointsId`),
  KEY `BrandId` (`BrandId`),
  KEY `CampaignId` (`CampaignId`),
  KEY `ChannelId` (`ChannelId`)
) ENGINE=MyISAM AUTO_INCREMENT=7 DEFAULT CHARSET=latin1;
/*!40101 SET character_set_client = @saved_cs_client */;

--
-- Dumping data for table `points`
--

LOCK TABLES `points` WRITE;
/*!40000 ALTER TABLE `points` DISABLE KEYS */;
INSERT INTO `points` VALUES (1,1,2,2,18,'2015-08-01 00:00:00','2015-08-12 00:00:00',7,'Like','NONE',10,'ACTIVE','2015-08-04 15:40:53',50,'2015-08-13 08:33:05',50),(2,3,1,1,18,'2015-08-06 00:00:00','2015-09-09 00:00:00',10,'Share','DAILY',0,'ACTIVE','2015-08-04 16:21:18',50,'2015-08-09 08:21:28',50),(3,3,1,1,18,'2015-08-09 00:00:00','2015-09-09 00:00:00',3,'Register','DAILY',0,'ACTIVE','2015-08-04 16:22:49',50,'2015-08-15 15:03:37',50),(4,1,2,2,18,'2015-08-01 00:00:00','2015-09-09 00:00:00',5,'Share','DAILY',0,'ACTIVE','2015-08-04 16:37:18',50,'2015-08-09 08:21:28',50),(5,5,4,3,20,'2015-08-01 00:00:00','2015-08-31 00:00:00',1,'retweet','DAILY',0,'ACTIVE','2015-08-15 21:10:57',1,'2015-08-15 13:15:29',1),(6,1,2,2,18,'2015-08-02 00:00:00','2015-08-31 00:00:00',2,'0','DAILY',0,'ACTIVE','2015-08-15 23:04:08',50,'2015-08-15 15:04:08',50);
/*!40000 ALTER TABLE `points` ENABLE KEYS */;
UNLOCK TABLES;

--
-- Table structure for table `points_log`
--

DROP TABLE IF EXISTS `points_log`;
/*!40101 SET @saved_cs_client     = @@character_set_client */;
/*!40101 SET character_set_client = utf8 */;
CREATE TABLE `points_log` (
  `PointLogId` int(11) unsigned NOT NULL AUTO_INCREMENT,
  `CustomerId` int(11) unsigned DEFAULT NULL,
  `SubscriptionId` int(11) NOT NULL,
  `ClientId` int(11) DEFAULT NULL,
  `BrandId` int(11) unsigned DEFAULT NULL,
  `CampaignId` int(11) unsigned DEFAULT NULL,
  `ChannelId` int(11) DEFAULT NULL,
  `PointsId` int(11) unsigned DEFAULT NULL,
  `DateCreated` datetime DEFAULT NULL,
  `CreatedBy` int(11) DEFAULT NULL,
  `Points` int(11) DEFAULT '0',
  PRIMARY KEY (`PointLogId`),
  KEY `CustomerId_idx` (`CustomerId`)
) ENGINE=MyISAM AUTO_INCREMENT=30 DEFAULT CHARSET=utf8 COLLATE=utf8_unicode_ci;
/*!40101 SET character_set_client = @saved_cs_client */;

--
-- Dumping data for table `points_log`
--

LOCK TABLES `points_log` WRITE;
/*!40000 ALTER TABLE `points_log` DISABLE KEYS */;
INSERT INTO `points_log` VALUES (1,1,1,18,1,2,2,1,'2015-08-04 16:09:36',NULL,NULL),(2,1,1,18,1,2,2,1,'2015-08-04 16:16:25',NULL,NULL),(3,1,2,18,3,1,1,2,'2015-08-04 16:21:55',NULL,NULL),(4,1,2,18,3,1,1,3,'2015-08-04 16:23:04',NULL,NULL),(5,1,2,18,3,1,1,2,'2015-08-04 16:31:12',NULL,NULL),(6,1,1,18,1,2,2,1,'2015-08-04 17:06:42',NULL,NULL),(7,1,2,18,3,1,1,2,'2015-08-08 14:43:24',NULL,NULL),(8,1,2,18,3,1,1,2,'2015-08-08 15:03:02',NULL,NULL),(9,1,1,18,1,2,2,1,'2015-08-08 15:04:56',NULL,NULL),(10,1,2,18,3,1,1,2,'2015-08-09 09:50:09',NULL,NULL),(11,1,2,18,3,1,1,2,'2015-08-09 09:50:40',NULL,NULL),(12,1,2,18,3,1,1,3,'2015-08-09 10:28:15',NULL,NULL),(13,1,1,18,1,2,2,1,'2015-08-09 13:24:42',NULL,NULL),(14,1,1,18,1,2,2,4,'2015-08-09 13:51:09',NULL,NULL),(15,1,1,18,1,2,2,4,'2015-08-09 15:52:36',NULL,NULL),(16,1,1,18,1,2,2,4,'2015-08-09 16:04:11',NULL,NULL),(17,1,1,18,1,2,2,4,'2015-08-09 16:04:32',NULL,NULL),(18,1,1,18,1,2,2,4,'2015-08-09 16:10:16',NULL,NULL),(19,1,1,18,1,2,2,4,'2015-08-09 16:11:39',NULL,NULL),(20,1,1,18,1,2,2,4,'2015-08-09 16:20:24',NULL,NULL),(21,1,1,18,1,2,2,4,'2015-08-09 16:20:34',NULL,NULL),(22,1,1,18,1,2,2,4,'2015-08-09 16:21:32',NULL,NULL),(23,1,3,18,1,1,2,NULL,'2015-08-10 00:28:55',50,10),(24,1,1,18,1,2,2,NULL,'2015-08-10 11:43:05',50,10),(25,1,1,18,1,2,2,4,'2015-08-10 21:31:21',NULL,0),(26,1,1,18,1,2,2,4,'2015-08-10 22:07:36',NULL,0),(27,1,1,18,1,2,2,4,'2015-08-10 22:26:03',NULL,0),(28,6,4,18,1,2,2,4,'2015-08-13 16:15:42',NULL,0),(29,1,3,18,1,1,2,NULL,'2015-08-17 07:10:45',50,10);
/*!40000 ALTER TABLE `points_log` ENABLE KEYS */;
UNLOCK TABLES;

--
-- Table structure for table `points_multiplier`
--

DROP TABLE IF EXISTS `points_multiplier`;
/*!40101 SET @saved_cs_client     = @@character_set_client */;
/*!40101 SET character_set_client = utf8 */;
CREATE TABLE `points_multiplier` (
  `MultiplierId` int(11) unsigned NOT NULL AUTO_INCREMENT,
  `PointsId` int(11) unsigned DEFAULT NULL,
  `Multiplier` int(11) unsigned DEFAULT NULL,
  `From` datetime DEFAULT NULL,
  `To` datetime DEFAULT NULL,
  `Value` int(11) unsigned DEFAULT NULL,
  `Status` enum('PENDING','ACTIVE','INACTIVE') COLLATE utf8_unicode_ci DEFAULT 'PENDING',
  `DateCreated` datetime DEFAULT NULL,
  `CreatedBy` int(11) DEFAULT NULL,
  `DateUpdated` timestamp NULL DEFAULT CURRENT_TIMESTAMP ON UPDATE CURRENT_TIMESTAMP,
  `UpdatedBy` int(11) DEFAULT NULL,
  PRIMARY KEY (`MultiplierId`)
) ENGINE=MyISAM DEFAULT CHARSET=utf8 COLLATE=utf8_unicode_ci;
/*!40101 SET character_set_client = @saved_cs_client */;

--
-- Dumping data for table `points_multiplier`
--

LOCK TABLES `points_multiplier` WRITE;
/*!40000 ALTER TABLE `points_multiplier` DISABLE KEYS */;
/*!40000 ALTER TABLE `points_multiplier` ENABLE KEYS */;
UNLOCK TABLES;

--
-- Table structure for table `points_to_coupon`
--

DROP TABLE IF EXISTS `points_to_coupon`;
/*!40101 SET @saved_cs_client     = @@character_set_client */;
/*!40101 SET character_set_client = utf8 */;
CREATE TABLE `points_to_coupon` (
  `PtcId` int(11) unsigned NOT NULL AUTO_INCREMENT,
  `ClientId` int(11) DEFAULT NULL,
  `CouponId` int(11) DEFAULT NULL,
  `Title` varchar(255) COLLATE utf8_unicode_ci DEFAULT NULL,
  `PointsRequired` int(11) DEFAULT NULL,
  `CouponValue` int(11) DEFAULT NULL,
  `Status` enum('PENDING','ACTIVE','INACTIVE') COLLATE utf8_unicode_ci DEFAULT 'PENDING',
  `DateCreated` datetime DEFAULT NULL,
  `CreatedBy` int(11) DEFAULT NULL,
  `DateUpdated` timestamp NULL DEFAULT CURRENT_TIMESTAMP ON UPDATE CURRENT_TIMESTAMP,
  `UpdatedBy` int(11) DEFAULT NULL,
  PRIMARY KEY (`PtcId`),
  KEY `Title_idx` (`Title`)
) ENGINE=MyISAM AUTO_INCREMENT=4 DEFAULT CHARSET=utf8 COLLATE=utf8_unicode_ci;
/*!40101 SET character_set_client = @saved_cs_client */;

--
-- Dumping data for table `points_to_coupon`
--

LOCK TABLES `points_to_coupon` WRITE;
/*!40000 ALTER TABLE `points_to_coupon` DISABLE KEYS */;
INSERT INTO `points_to_coupon` VALUES (1,18,4,'test here is the titlte',3,1,'ACTIVE','2015-08-17 06:31:22',1,'2015-08-17 14:42:30',55),(2,18,1,'mytesting here upd8',29,4854,'ACTIVE','2015-08-17 06:34:30',55,'2015-08-17 14:42:30',55),(3,22,5,'hahah',20,49,'ACTIVE','2015-08-17 23:24:12',52,'2015-08-17 15:24:12',52);
/*!40000 ALTER TABLE `points_to_coupon` ENABLE KEYS */;
UNLOCK TABLES;

--
-- Table structure for table `raffle`
--

DROP TABLE IF EXISTS `raffle`;
/*!40101 SET @saved_cs_client     = @@character_set_client */;
/*!40101 SET character_set_client = utf8 */;
CREATE TABLE `raffle` (
  `RaffleId` int(11) unsigned NOT NULL AUTO_INCREMENT,
  `ClientId` int(11) DEFAULT NULL,
  `Source` varchar(50) COLLATE utf8_unicode_ci NOT NULL,
  `NoOfWinners` int(11) NOT NULL DEFAULT '0',
  `BackUp` int(11) NOT NULL DEFAULT '0',
  `FdaNo` varchar(50) COLLATE utf8_unicode_ci NOT NULL,
  `DrawDate` datetime DEFAULT NULL,
  `DateCreated` datetime DEFAULT NULL,
  `CreatedBy` varchar(30) COLLATE utf8_unicode_ci DEFAULT NULL,
  `DateUpdated` timestamp NULL DEFAULT CURRENT_TIMESTAMP ON UPDATE CURRENT_TIMESTAMP,
  `UpdatedBy` varchar(30) COLLATE utf8_unicode_ci DEFAULT NULL,
  `Status` enum('PENDING','ACTIVE','INACTIVE') COLLATE utf8_unicode_ci DEFAULT 'PENDING',
  `CouponId` int(11) unsigned NOT NULL,
  PRIMARY KEY (`RaffleId`),
  KEY `Source_idx` (`Source`)
) ENGINE=MyISAM AUTO_INCREMENT=3 DEFAULT CHARSET=utf8 COLLATE=utf8_unicode_ci;
/*!40101 SET character_set_client = @saved_cs_client */;

--
-- Dumping data for table `raffle`
--

LOCK TABLES `raffle` WRITE;
/*!40000 ALTER TABLE `raffle` DISABLE KEYS */;
INSERT INTO `raffle` VALUES (1,NULL,'test',2,2,'dsdsds0000ds','2015-08-04 00:00:00','2015-08-04 17:22:53','50','2015-08-13 01:23:04',NULL,'ACTIVE',1),(2,NULL,'test2333',10,20,'TEST2332342','2015-08-29 00:00:00','2015-08-13 09:23:35','1','2015-08-13 02:37:08','1','ACTIVE',1);
/*!40000 ALTER TABLE `raffle` ENABLE KEYS */;
UNLOCK TABLES;

--
-- Table structure for table `raffle_details`
--

DROP TABLE IF EXISTS `raffle_details`;
/*!40101 SET @saved_cs_client     = @@character_set_client */;
/*!40101 SET character_set_client = utf8 */;
CREATE TABLE `raffle_details` (
  `RaffleDetailId` int(11) unsigned NOT NULL AUTO_INCREMENT,
  `RaffleId` int(11) unsigned NOT NULL,
  `RewardId` int(11) unsigned NOT NULL,
  `UserId` int(11) NOT NULL DEFAULT '0',
  `Position` int(11) NOT NULL,
  `Status` enum('PENDING','ACTIVE','INACTIVE') COLLATE utf8_unicode_ci DEFAULT 'PENDING',
  `DateCreated` datetime DEFAULT NULL,
  `CreatedBy` int(11) DEFAULT NULL,
  `DateUpdated` timestamp NULL DEFAULT CURRENT_TIMESTAMP ON UPDATE CURRENT_TIMESTAMP,
  `UpdatedBy` int(11) DEFAULT NULL,
  PRIMARY KEY (`RaffleDetailId`),
  KEY `UserId_idx` (`UserId`)
) ENGINE=MyISAM DEFAULT CHARSET=utf8 COLLATE=utf8_unicode_ci;
/*!40101 SET character_set_client = @saved_cs_client */;

--
-- Dumping data for table `raffle_details`
--

LOCK TABLES `raffle_details` WRITE;
/*!40000 ALTER TABLE `raffle_details` DISABLE KEYS */;
/*!40000 ALTER TABLE `raffle_details` ENABLE KEYS */;
UNLOCK TABLES;

--
-- Table structure for table `redeemed_coupon`
--

DROP TABLE IF EXISTS `redeemed_coupon`;
/*!40101 SET @saved_cs_client     = @@character_set_client */;
/*!40101 SET character_set_client = utf8 */;
CREATE TABLE `redeemed_coupon` (
  `RedeemedCouponId` int(11) unsigned NOT NULL AUTO_INCREMENT,
  `ClientId` int(11) unsigned NOT NULL,
  `BrandId` int(11) unsigned NOT NULL,
  `CampaignId` int(11) unsigned NOT NULL,
  `ChannelId` int(11) unsigned NOT NULL,
  `CouponId` int(11) unsigned NOT NULL,
  `CustomerId` int(11) DEFAULT NULL,
  `DateCreated` datetime DEFAULT NULL,
  `CreatedBy` int(11) DEFAULT NULL,
  `DateUpdated` timestamp NULL DEFAULT CURRENT_TIMESTAMP ON UPDATE CURRENT_TIMESTAMP,
  `UpdatedBy` int(11) DEFAULT NULL,
  `DateRedeemed` datetime DEFAULT NULL,
  PRIMARY KEY (`RedeemedCouponId`)
) ENGINE=MyISAM DEFAULT CHARSET=utf8 COLLATE=utf8_unicode_ci;
/*!40101 SET character_set_client = @saved_cs_client */;

--
-- Dumping data for table `redeemed_coupon`
--

LOCK TABLES `redeemed_coupon` WRITE;
/*!40000 ALTER TABLE `redeemed_coupon` DISABLE KEYS */;
/*!40000 ALTER TABLE `redeemed_coupon` ENABLE KEYS */;
UNLOCK TABLES;

--
-- Table structure for table `redeemed_reward`
--

DROP TABLE IF EXISTS `redeemed_reward`;
/*!40101 SET @saved_cs_client     = @@character_set_client */;
/*!40101 SET character_set_client = utf8 */;
CREATE TABLE `redeemed_reward` (
  `RedeemedId` int(11) unsigned NOT NULL AUTO_INCREMENT,
  `RewardId` int(11) unsigned NOT NULL,
  `UserId` int(11) DEFAULT NULL,
  `Source` enum('CAMPAIGN','BRANDS','POINTS','COUPONING') COLLATE utf8_unicode_ci DEFAULT 'BRANDS',
  `Action` varchar(50) COLLATE utf8_unicode_ci DEFAULT NULL,
  `DateCreated` datetime DEFAULT NULL,
  `CreatedBy` int(11) DEFAULT NULL,
  `DateUpdated` timestamp NULL DEFAULT CURRENT_TIMESTAMP ON UPDATE CURRENT_TIMESTAMP,
  `UpdatedBy` int(11) DEFAULT NULL,
  `ClientId` int(11) unsigned NOT NULL,
  `BrandId` int(11) unsigned NOT NULL,
  `CampaignId` int(11) unsigned NOT NULL,
  `ChannelId` int(11) unsigned NOT NULL,
  `DateRedeemed` datetime DEFAULT NULL,
  PRIMARY KEY (`RedeemedId`),
  KEY `Source_idx` (`Source`)
) ENGINE=MyISAM AUTO_INCREMENT=5 DEFAULT CHARSET=utf8 COLLATE=utf8_unicode_ci;
/*!40101 SET character_set_client = @saved_cs_client */;

--
-- Dumping data for table `redeemed_reward`
--

LOCK TABLES `redeemed_reward` WRITE;
/*!40000 ALTER TABLE `redeemed_reward` DISABLE KEYS */;
INSERT INTO `redeemed_reward` VALUES (1,2,1,'POINTS','Claim Reward',NULL,NULL,'2015-08-13 08:26:51',NULL,18,3,1,1,'2015-08-13 16:26:51'),(2,2,1,'POINTS','Claim Reward',NULL,NULL,'2015-08-13 08:28:28',NULL,18,3,1,1,'2015-08-13 16:28:28'),(3,2,1,'POINTS','Claim Reward',NULL,NULL,'2015-08-13 08:29:03',NULL,18,3,1,1,'2015-08-13 16:29:03'),(4,2,1,'POINTS','Claim Reward',NULL,NULL,'2015-08-13 08:30:36',NULL,18,3,1,1,'2015-08-13 16:30:36');
/*!40000 ALTER TABLE `redeemed_reward` ENABLE KEYS */;
UNLOCK TABLES;

--
-- Table structure for table `reward_details`
--

DROP TABLE IF EXISTS `reward_details`;
/*!40101 SET @saved_cs_client     = @@character_set_client */;
/*!40101 SET character_set_client = utf8 */;
CREATE TABLE `reward_details` (
  `RewardConfigId` int(11) unsigned NOT NULL AUTO_INCREMENT,
  `RewardId` int(11) unsigned NOT NULL,
  `ChannelId` int(11) NOT NULL,
  `Inventory` varchar(5) COLLATE utf8_unicode_ci DEFAULT '0',
  `Limitations` varchar(255) COLLATE utf8_unicode_ci DEFAULT NULL,
  `Value` varchar(50) COLLATE utf8_unicode_ci DEFAULT NULL,
  `Availability` datetime DEFAULT NULL,
  `Status` enum('PENDING','ACTIVE','INACTIVE') COLLATE utf8_unicode_ci DEFAULT 'PENDING',
  `DateCreated` datetime DEFAULT NULL,
  `CreatedBy` int(11) DEFAULT NULL,
  `DateUpdated` timestamp NULL DEFAULT CURRENT_TIMESTAMP ON UPDATE CURRENT_TIMESTAMP,
  `UpdatedBy` int(11) DEFAULT NULL,
  `ClientId` int(11) NOT NULL,
  `BrandId` int(11) NOT NULL,
  `CampaignId` int(11) NOT NULL,
  PRIMARY KEY (`RewardConfigId`),
  KEY `Limitations_idx` (`Limitations`),
  KEY `BrandId` (`BrandId`),
  KEY `CampaignId` (`CampaignId`),
  KEY `ChannelId` (`ChannelId`),
  KEY `ClientId` (`ClientId`)
) ENGINE=MyISAM AUTO_INCREMENT=3 DEFAULT CHARSET=utf8 COLLATE=utf8_unicode_ci;
/*!40101 SET character_set_client = @saved_cs_client */;

--
-- Dumping data for table `reward_details`
--

LOCK TABLES `reward_details` WRITE;
/*!40000 ALTER TABLE `reward_details` DISABLE KEYS */;
INSERT INTO `reward_details` VALUES (1,1,2,'10','2','2','2015-08-01 00:00:00','ACTIVE','2015-08-04 16:01:03',50,'2015-08-15 13:16:21',1,18,1,2),(2,2,1,'8','1','20','0000-00-00 00:00:00','ACTIVE',NULL,NULL,'2015-08-15 13:16:32',1,18,3,1);
/*!40000 ALTER TABLE `reward_details` ENABLE KEYS */;
UNLOCK TABLES;

--
-- Table structure for table `rewards_list`
--

DROP TABLE IF EXISTS `rewards_list`;
/*!40101 SET @saved_cs_client     = @@character_set_client */;
/*!40101 SET character_set_client = utf8 */;
CREATE TABLE `rewards_list` (
  `RewardId` int(11) unsigned NOT NULL AUTO_INCREMENT,
  `ClientId` int(11) NOT NULL,
  `BrandId` int(11) NOT NULL,
  `CampaignId` int(11) NOT NULL,
  `ChannelId` int(11) NOT NULL,
  `DateFrom` date DEFAULT NULL,
  `DateTo` date DEFAULT NULL,
  `Title` varchar(255) COLLATE utf8_unicode_ci DEFAULT NULL,
  `Description` varchar(255) COLLATE utf8_unicode_ci DEFAULT NULL,
  `Image` blob,
  `Availability` datetime DEFAULT NULL,
  `Status` enum('PENDING','ACTIVE','INACTIVE') COLLATE utf8_unicode_ci DEFAULT 'PENDING',
  `DateCreated` datetime DEFAULT NULL,
  `CreatedBy` int(11) DEFAULT NULL,
  `DateUpdated` timestamp NULL DEFAULT CURRENT_TIMESTAMP ON UPDATE CURRENT_TIMESTAMP,
  `UpdatedBy` int(11) DEFAULT NULL,
  `Value` varchar(50) COLLATE utf8_unicode_ci DEFAULT NULL,
  PRIMARY KEY (`RewardId`),
  KEY `Title_idx` (`Title`)
) ENGINE=MyISAM AUTO_INCREMENT=4 DEFAULT CHARSET=utf8 COLLATE=utf8_unicode_ci;
/*!40101 SET character_set_client = @saved_cs_client */;

--
-- Dumping data for table `rewards_list`
--

LOCK TABLES `rewards_list` WRITE;
/*!40000 ALTER TABLE `rewards_list` DISABLE KEYS */;
INSERT INTO `rewards_list` VALUES (1,18,1,2,2,'2015-08-01','2015-09-10','Ballpen','Ballpen Reward','http://104.156.53.150/multichannel/images/rewards_list/1438674404_bic_fine_point_ballpen.jpg','2015-08-01 00:00:00','ACTIVE','2015-08-10 00:23:51',50,'2015-08-14 04:36:24',1,NULL),(2,0,0,0,0,'2015-08-09','2015-09-10','Pencil','Faber Castle',NULL,NULL,'ACTIVE','2015-08-10 00:23:51',50,'2015-08-10 13:39:36',NULL,NULL),(3,18,0,0,0,NULL,NULL,'Samsung S78','10mb','http://104.156.53.150/multichannel/images/rewards_list/1439454323_coke.jpg','2015-08-31 00:00:00','PENDING','2015-08-13 16:25:23',50,'2015-08-15 13:16:55',1,NULL);
/*!40000 ALTER TABLE `rewards_list` ENABLE KEYS */;
UNLOCK TABLES;

--
-- Table structure for table `scheduled_post`
--

DROP TABLE IF EXISTS `scheduled_post`;
/*!40101 SET @saved_cs_client     = @@character_set_client */;
/*!40101 SET character_set_client = utf8 */;
CREATE TABLE `scheduled_post` (
  `SchedId` int(11) unsigned NOT NULL AUTO_INCREMENT,
  `ClientId` int(11) NOT NULL,
  `BrandId` int(11) NOT NULL,
  `CampaignId` int(11) NOT NULL,
  `ChannelId` int(11) NOT NULL,
  `Title` varchar(255) COLLATE utf8_unicode_ci DEFAULT NULL,
  `Description` varchar(255) COLLATE utf8_unicode_ci DEFAULT NULL,
  `EventDate` date DEFAULT NULL,
  `Status` enum('PENDING','ACTIVE','INACTIVE') COLLATE utf8_unicode_ci DEFAULT 'PENDING',
  `DateCreated` datetime DEFAULT NULL,
  `CreatedBy` int(11) DEFAULT NULL,
  `DateUpdated` timestamp NULL DEFAULT CURRENT_TIMESTAMP ON UPDATE CURRENT_TIMESTAMP,
  `UpdatedBy` int(11) DEFAULT NULL,
  PRIMARY KEY (`SchedId`),
  KEY `Title_idx` (`Title`)
) ENGINE=MyISAM AUTO_INCREMENT=7 DEFAULT CHARSET=utf8 COLLATE=utf8_unicode_ci;
/*!40101 SET character_set_client = @saved_cs_client */;

--
-- Dumping data for table `scheduled_post`
--

LOCK TABLES `scheduled_post` WRITE;
/*!40000 ALTER TABLE `scheduled_post` DISABLE KEYS */;
INSERT INTO `scheduled_post` VALUES (1,18,1,2,2,'this is a new title','here is the desc','2015-08-17','ACTIVE','2015-08-16 16:59:25',1,'2015-08-16 23:24:44',1),(2,20,5,4,3,'Test','12312321','2015-08-17','ACTIVE','2015-08-16 21:33:18',1,'2015-08-16 23:24:44',1),(3,18,1,2,2,'test upd','24234234','2015-08-31','ACTIVE','2015-08-17 11:21:18',55,'2015-08-16 23:34:57',50),(4,18,1,2,2,'Midyear Bonus','Perks for less period','2015-08-31','ACTIVE','2015-08-17 08:36:27',50,'2015-08-17 00:36:13',50),(5,22,6,6,4,'title her','desc','2015-11-30','ACTIVE','2015-08-17 23:15:35',52,'2015-08-17 15:15:35',52),(6,22,6,6,4,'hgfcgfggv ','lknnhbgbhg vbh','2015-12-09','ACTIVE','2015-08-17 23:45:29',52,'2015-08-17 15:45:29',52);
/*!40000 ALTER TABLE `scheduled_post` ENABLE KEYS */;
UNLOCK TABLES;

--
-- Table structure for table `user_access`
--

DROP TABLE IF EXISTS `user_access`;
/*!40101 SET @saved_cs_client     = @@character_set_client */;
/*!40101 SET character_set_client = utf8 */;
CREATE TABLE `user_access` (
  `UserAccessId` int(11) unsigned NOT NULL AUTO_INCREMENT,
  `ModuleId` int(11) unsigned DEFAULT NULL,
  `UserId` int(11) unsigned DEFAULT NULL,
  `AccessType` enum('ADMIN','CLIENT','CUSTOMER') COLLATE utf8_unicode_ci DEFAULT 'CLIENT',
  `Status` enum('PENDING','ACTIVE','INACTIVE') COLLATE utf8_unicode_ci DEFAULT 'PENDING',
  `DateCreated` datetime DEFAULT NULL,
  `CreatedBy` int(11) DEFAULT NULL,
  `DateUpdated` timestamp NULL DEFAULT CURRENT_TIMESTAMP ON UPDATE CURRENT_TIMESTAMP,
  `UpdatedBy` int(11) DEFAULT NULL,
  PRIMARY KEY (`UserAccessId`),
  KEY `ModuleId_idx` (`ModuleId`)
) ENGINE=MyISAM DEFAULT CHARSET=utf8 COLLATE=utf8_unicode_ci;
/*!40101 SET character_set_client = @saved_cs_client */;

--
-- Dumping data for table `user_access`
--

LOCK TABLES `user_access` WRITE;
/*!40000 ALTER TABLE `user_access` DISABLE KEYS */;
/*!40000 ALTER TABLE `user_access` ENABLE KEYS */;
UNLOCK TABLES;

--
-- Table structure for table `users`
--

DROP TABLE IF EXISTS `users`;
/*!40101 SET @saved_cs_client     = @@character_set_client */;
/*!40101 SET character_set_client = utf8 */;
CREATE TABLE `users` (
  `UserId` int(11) unsigned NOT NULL AUTO_INCREMENT,
  `ClientId` int(11) DEFAULT NULL,
  `FirstName` varchar(50) COLLATE utf8_unicode_ci DEFAULT NULL,
  `MiddleName` varchar(50) COLLATE utf8_unicode_ci DEFAULT NULL,
  `LastName` varchar(50) COLLATE utf8_unicode_ci DEFAULT NULL,
  `Gender` enum('M','F') COLLATE utf8_unicode_ci DEFAULT 'M',
  `Birthdate` varchar(255) COLLATE utf8_unicode_ci DEFAULT NULL,
  `ContactNumber` varchar(255) COLLATE utf8_unicode_ci DEFAULT NULL,
  `Address` varchar(255) COLLATE utf8_unicode_ci DEFAULT NULL,
  `Email` varchar(30) COLLATE utf8_unicode_ci DEFAULT NULL,
  `Username` varchar(50) COLLATE utf8_unicode_ci NOT NULL,
  `Password` varchar(50) COLLATE utf8_unicode_ci NOT NULL,
  `AccessType` enum('SUPERADMIN','ADMIN','CAMPAIGNMANAGER','MANAGER') COLLATE utf8_unicode_ci DEFAULT 'MANAGER',
  `Status` enum('ACTIVE','PENDING','INACTIVE') COLLATE utf8_unicode_ci DEFAULT 'ACTIVE',
  `DateCreated` datetime DEFAULT NULL,
  `CreatedBy` int(11) DEFAULT NULL,
  `DateUpdated` timestamp NULL DEFAULT CURRENT_TIMESTAMP ON UPDATE CURRENT_TIMESTAMP,
  `UpdatedBy` int(11) DEFAULT NULL,
  PRIMARY KEY (`UserId`),
  KEY `Username_idx` (`Username`)
) ENGINE=MyISAM AUTO_INCREMENT=58 DEFAULT CHARSET=utf8 COLLATE=utf8_unicode_ci;
/*!40101 SET character_set_client = @saved_cs_client */;

--
-- Dumping data for table `users`
--

LOCK TABLES `users` WRITE;
/*!40000 ALTER TABLE `users` DISABLE KEYS */;
INSERT INTO `users` VALUES (1,1,'Yuri','','Santos','M',NULL,NULL,NULL,'yuri.santos@gmail.com','mrmadmin','e59c59ece9db347f8c8848962a5f7cf1','SUPERADMIN','ACTIVE',NULL,NULL,'2015-08-09 21:47:44',NULL),(53,18,'kim','','tan','M',NULL,NULL,NULL,'test@test.com','kimtan','c93ccd78b2076528346216b3b2f701e6','ADMIN','ACTIVE','2015-08-14 07:24:03',1,'2015-08-13 23:24:03',NULL),(50,18,'Diaron','','Lique','M',NULL,'09178131256','BGC Taguig','diaron.lique@craftww.com','Ja','c06db68e819be6ec3d26c6038d8e8d1f','ADMIN','ACTIVE','2015-08-03 15:15:27',1,'2015-08-09 21:47:44',NULL),(51,20,'Yuri','','Santos','M',NULL,'09173456798','test','yuri@gmail.com','Yuri','c06db68e819be6ec3d26c6038d8e8d1f','ADMIN','ACTIVE','2015-08-04 15:29:11',1,'2015-08-09 21:47:44',1),(52,22,'John','M','Ong','M',NULL,'12312312',NULL,'email@email.com','nestleadmin','c93ccd78b2076528346216b3b2f701e6','ADMIN','ACTIVE','2015-08-13 15:45:11',1,'2015-08-13 07:45:11',1),(54,23,'Juan','S','Santos','M',NULL,NULL,NULL,'na@gmail.com','uc','ec1b8d01cefb52ed477e0c41834f475c','ADMIN','ACTIVE','2015-08-15 20:45:32',1,'2015-08-15 12:45:32',NULL),(55,18,'mark','neis','tejero','M',NULL,'23245435',NULL,'bayugyug@gmail.com','bayugs','25d55ad283aa400af464c76d713c07ad','ADMIN','ACTIVE','2015-08-16 19:33:04',1,'2015-08-16 11:33:04',NULL),(56,25,'Kim','','Tan','M',NULL,'',NULL,'test@test1.com','cokeadmin','c93ccd78b2076528346216b3b2f701e6','ADMIN','ACTIVE','2015-08-17 15:29:15',1,'2015-08-17 07:29:15',NULL),(57,26,'Katie','Legaspi','Abesamis','M',NULL,'09175222792',NULL,'ph30@rtsi1.com','Katie','25d55ad283aa400af464c76d713c07ad','ADMIN','ACTIVE','2015-08-17 15:49:36',1,'2015-08-17 07:49:36',NULL);
/*!40000 ALTER TABLE `users` ENABLE KEYS */;
UNLOCK TABLES;

--
-- Table structure for table `xcustomer_points`
--

DROP TABLE IF EXISTS `xcustomer_points`;
/*!40101 SET @saved_cs_client     = @@character_set_client */;
/*!40101 SET character_set_client = utf8 */;
CREATE TABLE `xcustomer_points` (
  `PointId` int(11) unsigned NOT NULL AUTO_INCREMENT,
  `ClientId` int(11) unsigned NOT NULL,
  `Balance` int(11) unsigned NOT NULL,
  `Used` int(11) unsigned NOT NULL,
  `Total` int(11) unsigned NOT NULL,
  `DateCreated` datetime DEFAULT NULL,
  `CreatedBy` int(11) DEFAULT NULL,
  PRIMARY KEY (`PointId`),
  KEY `ClientId` (`ClientId`)
) ENGINE=MyISAM DEFAULT CHARSET=utf8 COLLATE=utf8_unicode_ci;
/*!40101 SET character_set_client = @saved_cs_client */;

--
-- Dumping data for table `xcustomer_points`
--

LOCK TABLES `xcustomer_points` WRITE;
/*!40000 ALTER TABLE `xcustomer_points` DISABLE KEYS */;
/*!40000 ALTER TABLE `xcustomer_points` ENABLE KEYS */;
UNLOCK TABLES;

--
-- Table structure for table `xcustomers`
--

DROP TABLE IF EXISTS `xcustomers`;
/*!40101 SET @saved_cs_client     = @@character_set_client */;
/*!40101 SET character_set_client = utf8 */;
CREATE TABLE `xcustomers` (
  `CustomerId` int(11) unsigned NOT NULL AUTO_INCREMENT,
  `ClientId` int(11) unsigned NOT NULL,
  `BrandId` int(11) NOT NULL,
  `CampaignId` int(11) NOT NULL,
  `ChannelId` int(11) NOT NULL,
  `Username` varchar(50) COLLATE utf8_unicode_ci NOT NULL,
  `Password` varchar(50) COLLATE utf8_unicode_ci NOT NULL,
  `FirstName` varchar(50) COLLATE utf8_unicode_ci DEFAULT NULL,
  `MiddleName` varchar(50) COLLATE utf8_unicode_ci DEFAULT NULL,
  `LastName` varchar(50) COLLATE utf8_unicode_ci DEFAULT NULL,
  `Gender` enum('M','F') COLLATE utf8_unicode_ci DEFAULT 'M',
  `ContactNumber` varchar(255) COLLATE utf8_unicode_ci DEFAULT NULL,
  `Address` varchar(255) COLLATE utf8_unicode_ci DEFAULT NULL,
  `Email` varchar(30) COLLATE utf8_unicode_ci DEFAULT NULL,
  `Status` enum('PENDING','ACTIVE','INACTIVE') COLLATE utf8_unicode_ci DEFAULT 'PENDING',
  `DateCreated` datetime DEFAULT NULL,
  `CreatedBy` int(11) DEFAULT NULL,
  `DateUpdated` timestamp NULL DEFAULT CURRENT_TIMESTAMP ON UPDATE CURRENT_TIMESTAMP,
  `UpdatedBy` int(11) DEFAULT NULL,
  PRIMARY KEY (`CustomerId`),
  KEY `Username` (`Username`)
) ENGINE=MyISAM AUTO_INCREMENT=2 DEFAULT CHARSET=utf8 COLLATE=utf8_unicode_ci;
/*!40101 SET character_set_client = @saved_cs_client */;

--
-- Dumping data for table `xcustomers`
--

LOCK TABLES `xcustomers` WRITE;
/*!40000 ALTER TABLE `xcustomers` DISABLE KEYS */;
INSERT INTO `xcustomers` VALUES (1,1,1,1,1,'testuser','testpassword','ABCDE','EEE','SSS','M','112341234','aasdfasdf','a@a.com','ACTIVE','2015-03-04 23:40:23',1,'2015-03-04 15:50:05',1);
/*!40000 ALTER TABLE `xcustomers` ENABLE KEYS */;
UNLOCK TABLES;

--
-- Dumping routines for database 'multichannel'
--
/*!40103 SET TIME_ZONE=@OLD_TIME_ZONE */;

/*!40101 SET SQL_MODE=@OLD_SQL_MODE */;
/*!40014 SET FOREIGN_KEY_CHECKS=@OLD_FOREIGN_KEY_CHECKS */;
/*!40014 SET UNIQUE_CHECKS=@OLD_UNIQUE_CHECKS */;
/*!40101 SET CHARACTER_SET_CLIENT=@OLD_CHARACTER_SET_CLIENT */;
/*!40101 SET CHARACTER_SET_RESULTS=@OLD_CHARACTER_SET_RESULTS */;
/*!40101 SET COLLATION_CONNECTION=@OLD_COLLATION_CONNECTION */;
/*!40111 SET SQL_NOTES=@OLD_SQL_NOTES */;

-- Dump completed on 2015-08-18 11:59:04
